Starting replacement process at Tue Mar  4 22:27:50 UTC 2025
Modified ./.devcontainer/README.md: 2 replacements
Modified ./cloud-deployments/aws/cloudformation/DEPLOY.md: 6 replacements
Modified ./cloud-deployments/aws/cloudformation/aws_https_instructions.md: 8 replacements
Modified ./cloud-deployments/digitalocean/terraform/DEPLOY.md: 2 replacements
Modified ./collector/hotdir/__HOTDIR__.md: 1 replacements
Modified ./server/utils/vectorDbProviders/astra/ASTRA_SETUP.md: 1 replacements
Modified ./server/utils/vectorDbProviders/pinecone/PINECONE_SETUP.md: 2 replacements
Modified ./server/utils/AiProviders/ollama/README.md: 1 replacements
Modified ./server/storage/models/README.md: 3 replacements
Modified ./server/storage/README.md: 13 replacements
Modified ./locales/README.tr-TR.md: 52 replacements
Modified ./locales/README.ja-JP.md: 30 replacements
Modified ./locales/README.fa-IR.md: 41 replacements
Modified ./locales/README.zh-CN.md: 30 replacements
Modified ./storage/models/README.md: 3 replacements
Modified ./storage/README.md: 13 replacements
Modified ./docker/HOW_TO_USE_DOCKER.md: 36 replacements
Modified ./frontend/public/embed/anythingllm-chat-widget.min.js: 4 replacements
Modified ./frontend/src/hooks/useChatMessageAlignment.js: 2 replacements
Modified ./frontend/src/hooks/useTextSize.js: 2 replacements
Modified ./frontend/src/utils/paths.js: 9 replacements
Modified ./frontend/src/utils/constants.js: 16 replacements
Modified ./frontend/src/locales/nl/common.js: 14 replacements
Modified ./frontend/src/locales/pt_BR/common.js: 14 replacements
Modified ./frontend/src/locales/zh_TW/common.js: 20 replacements
Modified ./frontend/src/locales/de/common.js: 15 replacements
Modified ./frontend/src/locales/fr/common.js: 14 replacements
Modified ./frontend/src/locales/tr/common.js: 14 replacements
Modified ./frontend/src/locales/vn/common.js: 14 replacements
Modified ./frontend/src/locales/it/common.js: 14 replacements
Modified ./frontend/src/locales/ru/common.js: 14 replacements
Modified ./frontend/src/locales/he/common.js: 14 replacements
Modified ./frontend/src/locales/fa/common.js: 14 replacements
Modified ./frontend/src/locales/es/common.js: 14 replacements
Modified ./frontend/src/locales/resources.js: 1 replacements
Modified ./frontend/src/locales/en/common.js: 24 replacements
Modified ./frontend/src/locales/ko/common.js: 14 replacements
Modified ./frontend/src/locales/zh/common.js: 20 replacements
Modified ./frontend/src/models/communityHub.js: 1 replacements
Modified ./frontend/src/models/system.js: 8 replacements
Modified ./server/prisma/seed.js: 1 replacements
Modified ./server/utils/comKey/index.js: 2 replacements
Modified ./server/utils/vectorDbProviders/weaviate/index.js: 2 replacements
Modified ./server/utils/vectorDbProviders/milvus/index.js: 2 replacements
Modified ./server/utils/vectorDbProviders/zilliz/index.js: 2 replacements
Modified ./server/utils/vectorDbProviders/chroma/index.js: 4 replacements
Modified ./server/utils/files/logo.js: 2 replacements
Modified ./server/utils/EmbeddingRerankers/native/index.js: 4 replacements
Modified ./server/utils/agents/aibitat/plugins/web-scraping.js: 4 replacements
Modified ./server/utils/agents/aibitat/plugins/memory.js: 2 replacements
Modified ./server/utils/agents/aibitat/plugins/chat-history.js: 1 replacements
Modified ./server/utils/agents/aibitat/plugins/web-browsing.js: 5 replacements
Modified ./server/utils/agents/aibitat/providers/openrouter.js: 3 replacements
Modified ./server/utils/agents/aibitat/providers/novita.js: 4 replacements
Modified ./server/utils/agents/aibitat/providers/ai-provider.js: 5 replacements
Modified ./server/utils/agents/aibitat/providers/ppio.js: 4 replacements
Modified ./server/utils/AiProviders/openRouter/index.js: 3 replacements
Modified ./server/utils/AiProviders/novita/index.js: 4 replacements
Modified ./server/utils/AiProviders/ppio/index.js: 4 replacements
Modified ./server/utils/AiProviders/ollama/index.js: 1 replacements
Modified ./server/utils/vectorStore/resetAllVectorStores.js: 2 replacements
Modified ./server/utils/helpers/updateENV.js: 1 replacements
Modified ./server/utils/helpers/chat/index.js: 4 replacements
Modified ./server/utils/boot/MetaGenerator.js: 14 replacements
Modified ./server/utils/telemetry/index.js: 3 replacements
Modified ./server/utils/chats/openaiCompatible.js: 1 replacements
Modified ./server/utils/middleware/communityHubDownloadsEnabled.js: 6 replacements
Modified ./server/utils/EmbeddingEngines/native/index.js: 3 replacements
Modified ./server/models/communityHub.js: 8 replacements
Modified ./server/endpoints/communityHub.js: 2 replacements
Modified ./server/endpoints/api/workspaceThread/index.js: 8 replacements
Modified ./server/endpoints/api/document/index.js: 31 replacements
Modified ./server/endpoints/api/openai/index.js: 4 replacements
Modified ./server/endpoints/api/system/index.js: 1 replacements
Modified ./server/endpoints/api/workspace/index.js: 10 replacements
Modified ./server/swagger/init.js: 2 replacements
Modified ./server/swagger/utils.js: 1 replacements
Modified ./server/swagger/index.js: 2 replacements
Modified ./frontend/src/components/Modals/ManageWorkspace/DataConnectors/Connectors/Github/index.jsx: 1 replacements
Modified ./frontend/src/components/Modals/Password/SingleUserAuth.jsx: 2 replacements
Modified ./frontend/src/components/Modals/Password/MultiUserAuth.jsx: 2 replacements
Modified ./frontend/src/components/DefaultChat/index.jsx: 6 replacements
Modified ./frontend/src/components/Sidebar/SidebarToggle/index.jsx: 2 replacements
Modified ./frontend/src/components/TextToSpeech/PiperTTSOptions/index.jsx: 1 replacements
Modified ./frontend/src/components/SettingsSidebar/index.jsx: 4 replacements
Modified ./frontend/src/components/WorkspaceChat/ChatContainer/ChatHistory/HistoricalMessage/Actions/RenderMetrics/index.jsx: 8 replacements
Modified ./frontend/src/components/WorkspaceChat/ChatContainer/PromptInput/SpeechToText/index.jsx: 1 replacements
Modified ./frontend/src/components/WorkspaceChat/ChatContainer/PromptInput/TextSizeMenu/index.jsx: 4 replacements
Modified ./frontend/src/components/LLMSelection/AwsBedrockLLMOptions/index.jsx: 3 replacements
Modified ./frontend/src/pages/OnboardingFlow/Steps/LLMPreference/index.jsx: 1 replacements
Modified ./frontend/src/pages/OnboardingFlow/Steps/DataHandling/index.jsx: 12 replacements
Modified ./frontend/src/pages/WorkspaceSettings/ChatSettings/WorkspaceLLMSelection/index.jsx: 3 replacements
Modified ./frontend/src/pages/WorkspaceSettings/AgentConfig/AgentLLMSelection/index.jsx: 3 replacements
Modified ./frontend/src/pages/Admin/Users/UserRow/index.jsx: 2 replacements
Modified ./frontend/src/pages/Admin/ExperimentalFeatures/Features/LiveSync/toggle.jsx: 3 replacements
Modified ./frontend/src/pages/Admin/ExperimentalFeatures/index.jsx: 11 replacements
Modified ./frontend/src/pages/Admin/AgentBuilder/HeaderMenu/index.jsx: 3 replacements
Modified ./frontend/src/pages/Admin/Agents/AgentFlows/index.jsx: 2 replacements
Modified ./frontend/src/pages/Admin/Agents/Imported/SkillList/index.jsx: 3 replacements
Modified ./frontend/src/pages/Admin/Agents/WebSearchSelection/index.jsx: 3 replacements
Modified ./frontend/src/pages/Admin/Workspaces/WorkspaceRow/index.jsx: 1 replacements
Modified ./frontend/src/pages/GeneralSettings/Chats/index.jsx: 8 replacements
Modified ./frontend/src/pages/GeneralSettings/Appearance/LanguagePreference/index.jsx: 1 replacements
Modified ./frontend/src/pages/GeneralSettings/Appearance/CustomAppName/index.jsx: 1 replacements
Modified ./frontend/src/pages/GeneralSettings/Appearance/CustomSiteSettings/index.jsx: 2 replacements
Modified ./frontend/src/pages/GeneralSettings/ApiKeys/NewApiKeyModal/index.jsx: 1 replacements
Modified ./frontend/src/pages/GeneralSettings/EmbedChats/index.jsx: 8 replacements
Modified ./frontend/src/pages/GeneralSettings/EmbeddingPreference/index.jsx: 5 replacements
Modified ./frontend/src/pages/GeneralSettings/VectorDatabase/index.jsx: 1 replacements
Modified ./frontend/src/pages/GeneralSettings/AudioPreference/stt.jsx: 4 replacements
Modified ./frontend/src/pages/GeneralSettings/AudioPreference/tts.jsx: 4 replacements
Modified ./frontend/src/pages/GeneralSettings/TranscriptionPreference/index.jsx: 4 replacements
Modified ./frontend/src/pages/GeneralSettings/LLMPreference/index.jsx: 3 replacements
Modified ./frontend/src/pages/GeneralSettings/BrowserExtensionApiKey/NewBrowserExtensionApiKeyModal/index.jsx: 2 replacements
Modified ./frontend/src/pages/GeneralSettings/BrowserExtensionApiKey/index.jsx: 1 replacements
Modified ./frontend/src/pages/GeneralSettings/PrivacyAndData/index.jsx: 2 replacements
Modified ./frontend/src/pages/GeneralSettings/CommunityHub/Authentication/UserItems/index.jsx: 1 replacements
Modified ./frontend/src/pages/GeneralSettings/CommunityHub/Authentication/index.jsx: 14 replacements
Modified ./frontend/src/pages/GeneralSettings/CommunityHub/ImportItem/Steps/Completed/index.jsx: 1 replacements
Modified ./frontend/src/pages/GeneralSettings/CommunityHub/ImportItem/Steps/PullAndReview/HubItem/SlashCommand.jsx: 1 replacements
Modified ./frontend/src/pages/GeneralSettings/CommunityHub/ImportItem/Steps/PullAndReview/HubItem/Unknown.jsx: 1 replacements
Modified ./frontend/src/pages/GeneralSettings/CommunityHub/ImportItem/Steps/PullAndReview/HubItem/AgentSkill.jsx: 4 replacements
Modified ./frontend/src/pages/GeneralSettings/CommunityHub/ImportItem/Steps/Introduction/index.jsx: 3 replacements
Modified ./frontend/src/pages/GeneralSettings/CommunityHub/ImportItem/index.jsx: 1 replacements
Modified ./frontend/src/pages/GeneralSettings/CommunityHub/Trending/HubItems/index.jsx: 2 replacements
Modified ./frontend/src/pages/GeneralSettings/CommunityHub/Trending/index.jsx: 1 replacements
Modified ./frontend/src/pages/GeneralSettings/EmbedConfigs/NewEmbedModal/index.jsx: 2 replacements
Modified ./frontend/src/pages/GeneralSettings/EmbedConfigs/EmbedRow/CodeSnippetModal/index.jsx: 7 replacements
Modified ./.devcontainer/devcontainer.json: 2 replacements
Modified ./cloud-deployments/aws/cloudformation/cloudformation_create_anythingllm.json: 20 replacements
Modified ./collector/package.json: 1 replacements
Modified ./frontend/package.json: 1 replacements
Modified ./server/package.json: 1 replacements
Modified ./server/utils/agents/imported-manifest.schema.json: 2 replacements
Modified ./server/swagger/openapi.json: 56 replacements
Modified ./.vscode/settings.json: 2 replacements
Modified ./.github/ISSUE_TEMPLATE/01_bug.yml: 5 replacements
Modified ./.github/ISSUE_TEMPLATE/02_feature.yml: 1 replacements
Modified ./docker-deployment/docker-compose.yml: 11 replacements
Modified ./docker/docker-compose.yml: 7 replacements
Modified ./cloud-deployments/gcp/deployment/gcp_deploy_anything_llm.yaml: 12 replacements
Modified ./cloud-deployments/k8/manifest.yaml: 22 replacements
Modified ./.github/workflows/dev-build.yaml: 5 replacements
Modified ./.github/workflows/build-and-push-image-semver.yaml: 5 replacements
Modified ./.github/workflows/build-and-push-image.yaml: 6 replacements
Files modified: 0
Total replacements: 0
